05/02/2020 10:14:09,28
05/02/2020 10:20:01,31
05/02/2020 10:29:20,35
05/02/2020 10:47:20,31
05/02/2020 11:07:26,34
05/02/2020 11:27:33,33
05/02/2020 11:47:38,28
05/02/2020 12:07:45,30
05/02/2020 12:25:58,27
05/02/2020 12:46:03,29
05/02/2020 18:54:37,45
05/02/2020 20:11:12,49
05/02/2020 20:31:17,43
05/02/2020 20:51:22,46
05/02/2020 23:27:52,54
05/02/2020 23:47:57,57
06/02/2020 00:02:25,56
06/02/2020 00:10:54,55
06/02/2020 00:17:40,55
06/02/2020 00:37:45,49
06/02/2020 00:57:49,40
06/02/2020 01:17:53,41
06/02/2020 01:37:58,34
06/02/2020 14:31:56,35
06/02/2020 15:48:19,32
06/02/2020 16:08:23,32
06/02/2020 16:28:27,33
06/02/2020 18:24:13,17
06/02/2020 18:44:31,20
